Size,MergeSort,ModifiedMergeSort
1000,0.001000,0.000000
2000,0.001000,0.000000
3000,0.000000,0.000000
4000,0.000000,0.000000
5000,0.007000,0.001000
6000,0.004000,0.003000
7000,0.001000,0.000000
8000,0.008000,0.004000
9000,0.003000,0.000000
10000,0.000000,0.012000
11000,0.003000,0.000000
12000,0.008000,0.007000
13000,0.001000,0.009000
14000,0.004000,0.007000
15000,0.006000,0.006000
16000,0.000000,0.015000
17000,0.001000,0.013000
18000,0.002000,0.013000
19000,0.002000,0.011000
20000,0.010000,0.006000
21000,0.003000,0.014000
22000,0.008000,0.010000
23000,0.000000,0.022000
24000,0.009000,0.011000
25000,0.006000,0.014000
26000,0.004000,0.017000
27000,0.010000,0.006000
28000,0.011000,0.008000
29000,0.012000,0.010000
30000,0.012000,0.008000
31000,0.005000,0.018000
32000,0.015000,0.013000
33000,0.014000,0.014000
34000,0.013000,0.014000
35000,0.011000,0.019000
36000,0.014000,0.015000
37000,0.016000,0.016000
38000,0.015000,0.012000
39000,0.016000,0.010000
40000,0.017000,0.017000
41000,0.017000,0.016000
42000,0.019000,0.019000
43000,0.017000,0.020000
44000,0.019000,0.019000
45000,0.019000,0.020000
46000,0.020000,0.019000
47000,0.021000,0.020000
48000,0.021000,0.021000
49000,0.020000,0.020000
50000,0.017000,0.028000
